Id,Credit_card,Country,City,Phone
1,diners-club-enroute,Poland,Góra,+48 (862) 742-7494
2,jcb,Macedonia,Kisela Voda,+389 (938) 316-4178
3,jcb,China,Xinfeng,+86 (834) 744-8089
4,switch,China,Lukou,+86 (532) 393-3260
5,jcb,Indonesia,Jembayan Hitam,+62 (467) 648-0140
6,mastercard,Panama,San Miguelito,+507 (439) 204-1311
7,maestro,China,Tuzhai,+86 (800) 726-2432
8,jcb,Mexico,San Sebastian,+52 (507) 437-2031
9,diners-club-us-ca,China,Hualingang,+86 (396) 479-5394
10,maestro,China,Taiyanghe,+86 (910) 614-2837
11,jcb,France,Orly aérogare,+33 (870) 547-4290
12,jcb,Indonesia,Kalibunder,+62 (621) 252-1078
13,visa,Finland,Taivalkoski,+358 (150) 254-7783
14,mastercard,Costa Rica,Ciudad Cortés,+506 (625) 462-9187
15,jcb,Indonesia,Hokor,+62 (338) 500-4784
16,jcb,Indonesia,Kediren,+62 (849) 843-7129
17,jcb,France,Nîmes,+33 (160) 944-1066
18,china-unionpay,Democratic Republic of the Congo,Bukama,+242 (994) 279-0592
19,bankcard,Indonesia,Datartua,+62 (639) 792-3558
20,jcb,Myanmar,Letpandan,+95 (256) 974-3979
21,visa-electron,Iraq,Kufa,+964 (289) 477-9762
22,jcb,Portugal,A dos Cunhados,+351 (156) 137-3497
23,visa-electron,China,Xinfeng,+86 (189) 230-1231
24,jcb,Pakistan,Mirpur Khas,+92 (153) 813-4464
25,diners-club-us-ca,United States,Memphis,+1 (901) 235-2826
26,diners-club-carte-blanche,Philippines,Reina Mercedes,+63 (757) 560-4964
27,americanexpress,Brazil,Embu Guaçu,+55 (784) 714-0383
28,jcb,United States,Garden Grove,+1 (714) 964-3620
29,diners-club-carte-blanche,Indonesia,Mekarsari,+62 (328) 237-3869
30,diners-club-enroute,Indonesia,Prigi,+62 (574) 178-2338
31,bankcard,Afghanistan,Charikar,+93 (202) 301-9917
32,americanexpress,Portugal,Boco,+351 (249) 358-5915
33,switch,France,Cosne-Cours-sur-Loire,+33 (239) 505-8621
34,maestro,Philippines,Atipuluhan,+63 (345) 638-5036
35,diners-club-enroute,Finland,Alavus,+358 (102) 143-6410
36,china-unionpay,Portugal,São Torcato,+351 (446) 862-8094
37,maestro,Japan,Sakura,+81 (899) 289-0753
38,jcb,Brazil,Cotia,+55 (544) 177-4334
39,visa,Japan,Kure,+81 (672) 708-2120
40,maestro,Liberia,Kakata,+231 (858) 929-7411
41,bankcard,Poland,Nielisz,+48 (327) 434-9514
42,jcb,Brazil,Três Passos,+55 (517) 337-5603
43,diners-club-carte-blanche,Portugal,Praia da Vitória,+351 (413) 898-3224
44,jcb,China,Tahe,+86 (666) 690-4293
45,jcb,Czech Republic,Cheb,+420 (860) 232-1553
46,jcb,Philippines,Bautista,+63 (792) 490-0160
47,jcb,China,Sanjinquan,+86 (863) 151-5709
48,maestro,Dominican Republic,Comendador,+1 (495) 138-1267
49,americanexpress,Ukraine,Zalesnoye,+380 (443) 176-2058
50,jcb,United States,Charlotte,+1 (704) 847-1668
51,visa-electron,Slovenia,Mengeš,+386 (424) 234-4991
52,jcb,Costa Rica,San Rafael Arriba,+506 (220) 559-9103
53,mastercard,Bangladesh,Bera,+880 (308) 255-2804
54,china-unionpay,Spain,Malaga,+34 (980) 696-7837
55,diners-club-enroute,Russia,Bokino,+7 (768) 968-6065
56,diners-club-carte-blanche,Germany,Düsseldorf,+49 (639) 560-3689
57,americanexpress,China,Meixi,+86 (847) 116-1248
58,diners-club-enroute,Russia,Starokorsunskaya,+7 (187) 599-3414
59,jcb,Indonesia,Wunat,+62 (123) 216-9413
60,bankcard,United States,Tampa,+1 (813) 819-8403
61,jcb,China,Duishan,+86 (559) 939-6201
62,diners-club-carte-blanche,Panama,Guararé,+507 (622) 700-8974
63,diners-club-carte-blanche,China,Yinjiang,+86 (125) 516-2939
64,bankcard,Colombia,Buesaco,+57 (277) 504-8264
65,visa,Palestinian Territory,Farkhah,+970 (782) 318-0533
66,laser,Indonesia,Cidolog,+62 (169) 103-5558
67,jcb,China,Choushui,+86 (465) 320-3694
68,solo,Pakistan,Hadāli,+92 (718) 774-2434
69,jcb,Philippines,Maluanluan,+63 (963) 830-9965
70,jcb,Ukraine,Baturyn,+380 (402) 576-5008
71,china-unionpay,China,Xiaolong,+86 (619) 509-0450
72,diners-club-carte-blanche,Philippines,Cavinti,+63 (849) 139-8851
73,switch,China,Huangwei,+86 (178) 153-8590
74,solo,Ireland,Templeogue,+353 (279) 533-0381
75,jcb,Portugal,Mirandela,+351 (384) 649-0938
76,jcb,China,Qifang,+86 (838) 435-8276
77,jcb,Honduras,Quebradas,+504 (715) 895-2087
78,jcb,China,Gaoqiao,+86 (679) 717-1848
79,maestro,France,Lille,+33 (429) 708-2465
80,jcb,Yemen,Al Maḩfid,+967 (648) 107-8507
81,diners-club-carte-blanche,China,Baizhu,+86 (262) 951-2002
82,jcb,Vietnam,Trà My,+84 (179) 492-4977
83,mastercard,Russia,Gavrilov-Yam,+7 (834) 810-8425
84,mastercard,Indonesia,Sambungjaya,+62 (848) 470-0280
85,diners-club-carte-blanche,Norway,Trondheim,+47 (303) 227-9729
86,switch,China,Shuanghejiedao,+86 (490) 325-2544
87,jcb,Japan,Tochigi,+81 (900) 620-8207
88,jcb,China,Jianggang,+86 (756) 861-2374
89,jcb,Indonesia,Tamansari,+62 (898) 243-6344
90,jcb,Poland,Dukla,+48 (142) 133-0055
91,mastercard,Ethiopia,Wendo,+251 (755) 502-8800
92,diners-club-carte-blanche,Poland,Kaczory,+48 (222) 297-2465
93,mastercard,Indonesia,Gegernoong,+62 (274) 407-3720
94,diners-club-us-ca,North Korea,Chunghwa,+850 (894) 401-2750
95,jcb,Thailand,Wan Yai,+66 (402) 875-3979
96,jcb,Belarus,Druzhny,+375 (734) 488-3317
97,maestro,Argentina,Pirané,+54 (681) 449-8908
98,bankcard,Peru,Tibillo,+51 (816) 160-6881
99,visa-electron,China,Fu’an,+86 (673) 310-4171
100,laser,Nigeria,Otan Aiyegbaju,+234 (115) 971-9918
101,mastercard,Thailand,Nakhon Nayok,+66 (504) 777-6245
102,jcb,United States,Des Moines,+1 (515) 683-7902
103,switch,Haiti,Gros Morne,+509 (920) 532-5784
104,jcb,Niger,Tillabéri,+227 (797) 572-0837
105,laser,France,Caen,+33 (306) 751-3557
106,instapayment,Indonesia,Rancaseneng,+62 (721) 394-9625
107,china-unionpay,Indonesia,Tambaksari,+62 (763) 881-6780
108,maestro,Dominican Republic,La Romana,+1 (307) 437-9757
109,jcb,United States,Knoxville,+1 (865) 178-7053
110,jcb,Canada,Peterborough,+1 (296) 324-4135
111,mastercard,Poland,Prusice,+48 (606) 432-1215
112,jcb,China,Lianhe,+86 (718) 108-9748
113,jcb,Malaysia,Tawau,+60 (976) 790-7940
114,jcb,China,Tangjiapo,+86 (952) 995-4845
115,visa,Indonesia,Karang Tengah,+62 (470) 525-4705
116,mastercard,Ivory Coast,Agboville,+225 (395) 163-2140
117,americanexpress,Syria,Ash Shaddādah,+963 (585) 323-6515
118,jcb,Ireland,Balally,+353 (276) 894-6588
119,americanexpress,China,Qingfenglin,+86 (759) 803-0487
120,jcb,Russia,Makarov,+7 (121) 577-2589
121,maestro,Italy,Bergamo,+39 (898) 157-4948
122,jcb,Bosnia and Herzegovina,Gornje Živinice,+387 (580) 220-8718
123,jcb,United States,Louisville,+1 (502) 949-7446
124,jcb,China,Guojiazhuang,+86 (353) 966-7775
125,switch,South Africa,Ventersdorp,+27 (337) 272-0659
126,jcb,Kenya,Isiolo,+254 (419) 739-1497
127,maestro,United States,Akron,+1 (330) 944-5041
128,maestro,Indonesia,Pandan,+62 (768) 158-1864
129,diners-club-enroute,Sweden,Saltsjöbaden,+46 (109) 515-6350
130,jcb,Democratic Republic of the Congo,Inongo,+242 (626) 918-4066
131,jcb,South Africa,Boshof,+27 (969) 387-7833
132,diners-club-carte-blanche,Dominican Republic,Esperalvillo,+1 (422) 292-7270
133,jcb,Ethiopia,Leku,+251 (565) 532-3225
134,jcb,Brazil,Gravataí,+55 (732) 267-5536
135,jcb,Portugal,Monte da Boavista,+351 (639) 684-7996
136,mastercard,Argentina,Elena,+54 (573) 174-7077
137,jcb,Poland,Błędów,+48 (925) 416-0570
138,diners-club-enroute,Peru,Perené,+51 (656) 509-3663
139,jcb,Brazil,Frederico Westphalen,+55 (558) 251-1031
140,visa-electron,China,Dongli,+86 (269) 223-1915
141,mastercard,China,Changliang,+86 (232) 866-6109
142,jcb,Malawi,Mulanje,+265 (651) 624-0577
143,maestro,Peru,Huayllabamba,+51 (899) 620-7365
144,visa-electron,China,Liubo,+86 (578) 212-8017
145,bankcard,Comoros,Moutsamoudou,+269 (435) 670-3057
146,jcb,Philippines,Bunog,+63 (384) 495-3969
147,mastercard,Serbia,Sremska Mitrovica,+381 (210) 551-0650
148,maestro,China,Mingshui,+86 (112) 380-6999
149,visa-electron,China,Anfu,+86 (816) 191-6190
150,mastercard,Tunisia,Banī Khallād,+216 (953) 836-2361
151,switch,Indonesia,Pamoyanan,+62 (342) 875-8218
152,jcb,Colombia,Acacías,+57 (717) 939-2028
153,china-unionpay,Portugal,Seiça,+351 (432) 778-0231
154,visa-electron,French Polynesia,Fare,+689 (139) 104-5279
155,jcb,Ukraine,Lyubotyn,+380 (642) 712-1528
156,jcb,Kazakhstan,Zhabagly,+7 (717) 235-3136
157,jcb,China,Huayuan,+86 (501) 159-0284
158,jcb,Ghana,Medina Estates,+233 (411) 691-0996
159,jcb,American Samoa,Tāfuna,+1 (471) 186-4684
160,diners-club-enroute,China,Donggong,+86 (481) 760-6258
161,jcb,Russia,Ufimskiy,+7 (905) 425-0319
162,jcb,Thailand,Ongkharak,+66 (946) 773-9750
163,jcb,China,Gucheng,+86 (525) 374-2944
164,jcb,Netherlands,Arnhem,+31 (706) 938-6265
165,americanexpress,Indonesia,Puncakmanis,+62 (554) 170-3535
166,china-unionpay,Brazil,Santo Estêvão,+55 (302) 272-2159
167,instapayment,South Africa,Marquard,+27 (800) 911-0256
168,mastercard,Chad,Oum Hadjer,+235 (551) 709-6191
169,jcb,Japan,Masuda,+81 (677) 979-9724
170,americanexpress,Poland,Radziszów,+48 (917) 357-1978
171,switch,China,Deqing,+86 (898) 354-3799
172,jcb,China,Ningxin,+86 (633) 490-4677
173,jcb,Mexico,Emiliano Zapata,+52 (238) 443-6291
174,mastercard,Russia,Chadan,+7 (151) 214-8817
175,jcb,Czech Republic,Světlá nad Sázavou,+420 (234) 667-9166
176,diners-club-us-ca,China,Tanbu,+86 (867) 823-3163
177,jcb,Philippines,Santa Ignacia,+63 (345) 893-4143
178,mastercard,Indonesia,Gabahan,+62 (671) 595-4391
179,switch,Costa Rica,Paquera,+506 (250) 643-3950
180,switch,Argentina,San Carlos de Bolívar,+54 (243) 439-4819
181,mastercard,China,Baoshan,+86 (430) 700-1914
182,maestro,France,Paris 02,+33 (822) 468-8842
183,americanexpress,Portugal,Paço,+351 (729) 194-1407
184,jcb,Philippines,Giawang,+63 (163) 750-8931
185,china-unionpay,Iran,Nahāvand,+98 (434) 307-9523
186,jcb,Philippines,Pilar,+63 (485) 286-0509
187,jcb,Philippines,Suklayin,+63 (702) 978-5532
188,jcb,Japan,Ōiso,+81 (614) 491-4047
189,jcb,Russia,Sovetskiy,+7 (565) 339-0840
190,mastercard,Slovenia,Lenart v Slov. Goricah,+386 (833) 751-5771
191,visa,United States,Greenville,+1 (864) 744-6357
192,jcb,Poland,Jonkowo,+48 (364) 724-2491
193,bankcard,China,Huyuan,+86 (836) 948-0948
194,china-unionpay,Czech Republic,Uherský Ostroh,+420 (348) 131-4583
195,diners-club-carte-blanche,Malaysia,Kuala Lumpur,+60 (565) 777-2901
196,mastercard,Philippines,Tigbao,+63 (562) 939-9942
197,diners-club-carte-blanche,France,Hayange,+33 (554) 572-7262
198,switch,Netherlands,Eindhoven,+31 (657) 894-6433
199,visa-electron,China,Yantian,+86 (414) 797-5771
200,jcb,Finland,Siikainen,+358 (200) 260-9720
201,jcb,Czech Republic,Lázně Kynžvart,+420 (551) 758-7411
202,visa,China,Huxi,+86 (961) 718-6180
203,china-unionpay,Greece,Pérama,+30 (446) 468-0623
204,americanexpress,China,Gaoleshan,+86 (766) 172-5092
205,diners-club-enroute,Russia,Kuloy,+7 (644) 679-2468
206,china-unionpay,Ecuador,Boca Suno,+593 (954) 190-0846
207,jcb,United Kingdom,Pentre,+44 (758) 802-4703
208,china-unionpay,Nigeria,Offa,+234 (251) 250-7674
209,jcb,China,Benniu,+86 (365) 309-2882
210,jcb,Indonesia,Ciomas,+62 (673) 314-3435
211,jcb,Russia,Novokizhinginsk,+7 (485) 268-6553
212,switch,Sri Lanka,Puttalam,+94 (635) 426-1107
213,diners-club-enroute,Poland,Łomazy,+48 (807) 894-1731
214,switch,Indonesia,Sepatan,+62 (612) 638-8061
215,visa-electron,United Kingdom,Ford,+44 (381) 710-2328
216,jcb,Armenia,Lukashin,+374 (523) 336-1552
217,jcb,Indonesia,Cikadu,+62 (722) 738-1101
218,diners-club-us-ca,Indonesia,Getengan,+62 (899) 989-1904
219,mastercard,Republic of the Congo,Pointe-Noire,+242 (316) 692-5450
220,bankcard,Indonesia,Cibitungmasjid,+62 (758) 441-5087
221,jcb,Vietnam,Sóc Sơn,+84 (220) 343-3732
222,jcb,Indonesia,Banaran,+62 (842) 952-0972
223,maestro,Japan,Kamo,+81 (317) 352-3334
224,visa-electron,China,Qiakeri,+86 (346) 356-5864
225,switch,Argentina,General José de San Martín,+54 (794) 958-9192
226,diners-club-carte-blanche,Poland,Wolin,+48 (806) 572-3444
227,mastercard,Russia,Tabaga,+7 (600) 632-5846
228,bankcard,Indonesia,Japerejo,+62 (548) 158-7825
229,americanexpress,China,Payxambabazar,+86 (659) 360-5469
230,solo,United States,Sterling,+1 (571) 125-8295
231,jcb,United States,Baltimore,+1 (443) 688-7664
232,bankcard,Saudi Arabia,Tanūmah,+966 (422) 269-6605
233,switch,Bangladesh,Feni,+880 (833) 713-2043
234,jcb,Canada,Timmins,+1 (329) 806-0903
235,americanexpress,China,Gujun,+86 (904) 941-3485
236,maestro,Finland,Koukkuniemi,+358 (484) 871-4297
237,visa,Indonesia,Ombul Barat,+62 (329) 336-9804
238,jcb,Mexico,Solidaridad,+52 (676) 183-8373
239,jcb,Sweden,Vetlanda,+46 (580) 681-9017
240,americanexpress,Afghanistan,Kabul,+93 (983) 684-7282
241,china-unionpay,Philippines,Ramos,+63 (421) 893-6448
242,mastercard,Czech Republic,Ledenice,+420 (390) 709-5724
243,bankcard,Philippines,Candoni,+63 (527) 486-2476
244,china-unionpay,Indonesia,Praimarada,+62 (471) 217-9136
245,mastercard,United States,Shreveport,+1 (318) 938-3483
246,visa-electron,China,Jintang,+86 (191) 806-8525
247,americanexpress,China,Kengkou,+86 (922) 376-5475
248,americanexpress,Indonesia,Brongkah,+62 (784) 289-3137
249,jcb,Indonesia,Kepahiang,+62 (459) 734-1037
250,diners-club-enroute,Malta,Attard,+356 (634) 847-6704
251,jcb,Indonesia,Kalkal Barat,+62 (159) 534-0842
252,jcb,Indonesia,Baluk,+62 (232) 776-7949
253,jcb,Indonesia,Kolaka,+62 (577) 915-5437
254,laser,Brazil,Vargem Grande,+55 (782) 657-1025
255,china-unionpay,Brazil,Paracuru,+55 (468) 958-7300
256,jcb,France,Mazamet,+33 (618) 849-4673
257,diners-club-enroute,Indonesia,Umbanyar,+62 (530) 117-0442
258,jcb,Argentina,Coté-Lai,+54 (500) 811-3703
259,jcb,China,Danzi,+86 (271) 129-8264
260,switch,China,Henggang,+86 (490) 283-5110
261,jcb,South Korea,Munsan,+82 (926) 427-4597
262,laser,Philippines,San Vicente,+63 (514) 689-6348
263,jcb,China,Shihua,+86 (578) 755-6184
264,maestro,Czech Republic,Višňova,+420 (177) 322-0330
265,visa,Ivory Coast,Dimbokro,+225 (638) 284-2407
266,jcb,United States,Las Vegas,+1 (702) 722-5216
267,jcb,China,Jiaokui,+86 (347) 818-4800
268,laser,Poland,Ujazd,+48 (419) 199-1149
269,mastercard,Philippines,Maslog,+63 (495) 516-7454
270,jcb,Argentina,La Rioja,+54 (151) 113-9034
271,jcb,Indonesia,Pasarbaru,+62 (116) 291-9958
272,bankcard,Czech Republic,Vnorovy,+420 (331) 904-9839
273,china-unionpay,Czech Republic,Moutnice,+420 (682) 460-7147
274,jcb,Yemen,Khawrah,+967 (795) 110-6717
275,mastercard,Japan,Funabashi,+81 (153) 579-9314
276,mastercard,Serbia,Vranje,+381 (567) 708-4840
277,diners-club-carte-blanche,China,Xinheng,+86 (980) 853-8028
278,americanexpress,Afghanistan,Khanabad,+93 (668) 361-6466
279,bankcard,Philippines,Caramay,+63 (889) 780-4990
280,visa-electron,China,Chengkou,+86 (262) 816-0386
281,jcb,Indonesia,Oesapa,+62 (314) 638-6541
282,visa-electron,China,Nagqu,+86 (109) 286-7776
283,jcb,Indonesia,Sumberdangdang,+62 (744) 203-3398
284,mastercard,El Salvador,Metapán,+503 (692) 374-5300
285,mastercard,China,Qixing,+86 (739) 183-7664
286,mastercard,Pakistan,Kunri,+92 (836) 818-5559
287,jcb,Dominican Republic,Santo Domingo Este,+1 (987) 671-3308
288,instapayment,Dominican Republic,Punta Cana,+1 (963) 490-1555
289,china-unionpay,Brazil,Cruzeiro do Oeste,+55 (404) 388-8904
290,visa,Russia,Vychegodskiy,+7 (775) 398-0127
291,jcb,Russia,Nizhnepavlovka,+7 (322) 216-8355
292,diners-club-enroute,Syria,Medaya,+963 (105) 580-1301
293,diners-club-enroute,Egypt,Talā,+20 (975) 873-6472
294,americanexpress,China,Xihe,+86 (881) 533-6532
295,diners-club-enroute,United States,Oklahoma City,+1 (405) 985-2770
296,jcb,China,Xieji,+86 (795) 913-8874
297,jcb,Indonesia,Nginjen,+62 (775) 117-5606
298,switch,Argentina,Rufino,+54 (308) 166-6183
299,mastercard,Estonia,Tartu,+372 (330) 848-2377
300,mastercard,Iran,Sūrīān,+98 (846) 890-4656
301,jcb,Philippines,Bocos,+63 (432) 716-0221
302,mastercard,Mexico,La Guadalupe,+52 (586) 627-3539
303,switch,China,Luotaping,+86 (736) 138-8270
304,switch,Indonesia,Kertosari,+62 (724) 383-8312
305,jcb,Indonesia,Datarsitu,+62 (697) 944-3954
306,jcb,United States,Philadelphia,+1 (267) 718-0803
307,jcb,Japan,Asaka,+81 (571) 969-5468
308,jcb,Germany,Halle,+49 (103) 652-3362
309,visa-electron,Brazil,São Gonçalo do Amarante,+55 (977) 497-1792
310,visa-electron,Luxembourg,Eschweiler,+352 (382) 187-0586
311,diners-club-enroute,China,Zhangzhen,+86 (492) 248-0839
312,jcb,Brazil,Formosa do Rio Preto,+55 (102) 756-3788
313,jcb,China,Wufeng,+86 (660) 364-8803
314,jcb,Canada,Ingersoll,+1 (626) 886-0268
315,laser,Mexico,Lazaro Cardenas,+52 (285) 211-3078
316,jcb,Malaysia,Melaka,+60 (787) 293-4446
317,jcb,China,Xuguang,+86 (187) 971-0953
318,maestro,Haiti,Acul du Nord,+509 (620) 427-9149
319,diners-club-enroute,Yemen,Saḩab,+967 (399) 782-4533
320,mastercard,Dominican Republic,Ensanche Luperón,+1 (487) 126-0722
321,jcb,China,Hengjie,+86 (865) 956-5060
322,maestro,China,Qishui,+86 (566) 445-5903
323,jcb,Peru,Sibayo,+51 (264) 898-0039
324,jcb,Philippines,Curry,+63 (195) 328-9485
325,mastercard,Myanmar,Yenangyaung,+95 (647) 458-6528
326,diners-club-us-ca,Netherlands,Enschede,+31 (301) 343-6768
327,visa-electron,Japan,Ōmuta,+81 (817) 799-1666
328,americanexpress,Sweden,Österbybruk,+46 (675) 246-5069
329,jcb,Kazakhstan,Qarqaraly,+7 (889) 793-6932
330,jcb,China,Wangmo,+86 (501) 581-8387
331,maestro,Ethiopia,Debre Tabor,+251 (340) 243-6267
332,jcb,China,Dalai,+86 (241) 317-5031
333,jcb,Brazil,Novo Aripuanã,+55 (585) 917-3929
334,maestro,China,Nanpu,+86 (906) 157-9872
335,mastercard,Russia,Gazimurskiy Zavod,+7 (142) 140-7375
336,diners-club-enroute,Somalia,Xarardheere,+252 (745) 530-7743
337,bankcard,Portugal,Eido,+351 (986) 532-8156
338,switch,Armenia,Ejmiatsin,+374 (327) 676-4750
339,jcb,Brazil,Guarulhos,+55 (706) 969-9537
340,mastercard,Kazakhstan,Saryözek,+7 (849) 966-3375
341,diners-club-carte-blanche,Russia,Choya,+7 (614) 219-7229
342,jcb,France,Lyon,+33 (723) 804-9599
343,china-unionpay,China,Shuangqiao,+86 (418) 577-5180
344,jcb,Argentina,Tostado,+54 (506) 594-2535
345,jcb,Indonesia,Ekasapta,+62 (455) 909-4008
346,maestro,Peru,Pitumarca,+51 (786) 559-4343
347,diners-club-carte-blanche,China,Dong’an,+86 (163) 347-9163
348,jcb,Bangladesh,Fatikchari,+880 (155) 277-1468
349,jcb,Zimbabwe,Centenary,+263 (336) 139-5462
350,jcb,Poland,Klimontów,+48 (135) 746-9731
351,visa,Portugal,Carrascal,+351 (263) 769-6482
352,jcb,Russia,Nizhnekamsk,+7 (660) 435-7355
353,jcb,Indonesia,Sinarbakti,+62 (110) 411-8885
354,jcb,China,Xianning,+86 (135) 299-9954
355,jcb,Iran,Eslāmābād,+98 (442) 931-6794
356,jcb,Uganda,Bududa,+256 (827) 247-9014
357,jcb,Brazil,Acopiara,+55 (863) 352-3266
358,diners-club-enroute,China,Dana,+86 (973) 662-4506
359,jcb,Philippines,Barbaza,+63 (159) 626-8790
360,jcb,Bolivia,Potosí,+591 (116) 807-6778
361,jcb,Sweden,Torsås,+46 (261) 416-5426
362,jcb,Slovenia,Deskle,+386 (711) 100-1275
363,jcb,Poland,Poręba Spytkowska,+48 (651) 373-5572
364,jcb,Mexico,Francisco Villa,+52 (768) 318-9018
365,jcb,United States,Los Angeles,+1 (213) 183-2449
366,diners-club-us-ca,Indonesia,Sinarbakti,+62 (374) 321-8595
367,jcb,Russia,Spasskoye,+7 (608) 571-0495
368,americanexpress,Peru,Olleros,+51 (594) 641-4674
369,switch,Indonesia,Puncaksempur,+62 (222) 642-8144
370,jcb,China,Jianping,+86 (401) 587-8933
371,solo,France,Bourg-en-Bresse,+33 (947) 991-7339
372,bankcard,Philippines,Uyugan,+63 (553) 562-5658
373,switch,Honduras,La Jutosa,+504 (822) 216-2101
374,laser,Colombia,Oporapa,+57 (143) 639-6853
375,jcb,Philippines,Taltal,+63 (438) 632-8997
376,mastercard,China,Huya,+86 (184) 993-4608
377,visa,Poland,Tomaszów Lubelski,+48 (336) 174-7154
378,mastercard,Russia,Semibratovo,+7 (648) 575-1013
379,jcb,Mongolia,Sergelen,+976 (780) 218-9241
380,diners-club-us-ca,Thailand,Nam Phong,+66 (977) 876-4786
381,maestro,Finland,Hollola,+358 (123) 158-3939
382,maestro,Sweden,Sölvesborg,+46 (900) 774-4005
383,switch,Iraq,Ramadi,+964 (232) 588-0539
384,jcb,Brazil,Baixo Guandu,+55 (328) 281-2619
385,visa-electron,Belarus,Konstantinovo,+375 (128) 303-5157
386,mastercard,China,Shunyi,+86 (154) 800-2502
387,mastercard,Philippines,Sibulan,+63 (113) 662-2642
388,maestro,United States,Sacramento,+1 (916) 317-6340
389,instapayment,Malaysia,Johor Bahru,+60 (530) 751-9002
390,diners-club-carte-blanche,Indonesia,Glagahan,+62 (931) 571-4236
391,maestro,Brazil,Santa Cruz do Capibaribe,+55 (569) 692-5974
392,jcb,Estonia,Tabivere,+372 (228) 736-6245
393,jcb,Indonesia,Bantarsari Kulon,+62 (781) 114-4357
394,americanexpress,China,Zouma,+86 (584) 453-1392
395,jcb,Canada,North Bay,+1 (964) 197-9300
396,jcb,China,Guantian,+86 (277) 731-5745
397,jcb,Brazil,Mogi das Cruzes,+55 (229) 203-9486
398,maestro,Philippines,Tagbina,+63 (475) 863-9996
399,jcb,Poland,Ujazd,+48 (843) 541-3442
400,jcb,Costa Rica,Alajuela,+506 (277) 646-4281
401,americanexpress,Czech Republic,Petrov,+420 (836) 252-0822
402,jcb,China,Shadui,+86 (731) 273-0204
403,jcb,China,Luocun,+86 (712) 257-7766
404,jcb,Dominican Republic,Jicomé,+1 (837) 398-2910
405,americanexpress,China,Hefu,+86 (456) 886-8319
406,jcb,Panama,Aguadulce,+507 (283) 237-4192
407,visa-electron,Canada,Okanagan,+1 (658) 623-3413
408,bankcard,China,Anningqu,+86 (196) 270-3344
409,jcb,Nigeria,Ipoti,+234 (279) 652-1296
410,americanexpress,China,Jiaoziya,+86 (600) 783-2997
411,jcb,China,Taohua,+86 (860) 606-8938
412,jcb,Brazil,Alagoinhas,+55 (111) 188-7766
413,switch,China,Nanyuan,+86 (348) 869-0806
414,maestro,Gambia,Pateh Sam,+220 (969) 405-0165
415,diners-club-enroute,Japan,Nishi-Tokyo-shi,+81 (288) 431-4246
416,jcb,China,Gyigang,+86 (452) 343-8959
417,china-unionpay,Indonesia,Bulakbanjar,+62 (872) 397-1814
418,diners-club-enroute,China,Liuhu,+86 (176) 385-8425
419,jcb,China,Gurinai,+86 (844) 479-5566
420,switch,Greece,Melíki,+30 (415) 692-3705
421,jcb,Ukraine,Zgurovka,+380 (646) 651-4247
422,visa,Indonesia,Sepanjang,+62 (909) 592-2621
423,americanexpress,Indonesia,Mliwang,+62 (120) 924-7508
424,maestro,China,Boyang,+86 (323) 862-9950
425,switch,China,Xiasha,+86 (624) 867-5940
426,china-unionpay,Indonesia,Kalibuntu,+62 (549) 828-4107
427,diners-club-enroute,China,Jiujie,+86 (347) 906-3787
428,laser,Philippines,Cabugao,+63 (386) 287-8500
429,jcb,Indonesia,Krajanjugosari,+62 (775) 643-1412
430,laser,Canada,Unity,+1 (125) 845-1538
431,jcb,Venezuela,Santa Bárbara,+58 (398) 627-7575
432,switch,Russia,Petrovskiy,+7 (190) 630-8096
433,jcb,Sweden,Filipstad,+46 (325) 639-1644
434,instapayment,Brazil,Alegre,+55 (235) 394-7546
435,switch,Brazil,Itapemirim,+55 (362) 107-8926
436,jcb,China,Cihe,+86 (647) 318-7686
437,china-unionpay,Greece,Eláteia,+30 (906) 268-7830
438,switch,Greece,Kýria,+30 (724) 778-1130
439,china-unionpay,Nigeria,Obudu,+234 (459) 147-0045
440,jcb,Bolivia,Las Carreras,+591 (901) 806-8927
441,diners-club-carte-blanche,Luxembourg,Ettelbruck,+352 (755) 616-3264
442,maestro,Peru,Chincha Baja,+51 (591) 848-1480
443,jcb,Japan,Bihoro,+81 (132) 388-2525
444,jcb,Jordan,Irbid,+962 (205) 806-5798
445,jcb,Lebanon,Jezzîne,+961 (355) 575-5003
446,jcb,Nigeria,Babana,+234 (473) 111-6240
447,jcb,Poland,Sośno,+48 (232) 708-8123
448,jcb,Colombia,Mutis,+57 (652) 931-6371
449,diners-club-us-ca,China,Chuanxi,+86 (947) 788-1132
450,maestro,China,Xiumei,+86 (917) 494-4872
451,americanexpress,Indonesia,Kotawaikabubak,+62 (268) 768-9698
452,switch,China,Goujie,+86 (496) 398-3829
453,switch,Tanzania,Butiama,+255 (407) 234-0283
454,jcb,Indonesia,Cigalontang,+62 (893) 201-8057
455,mastercard,Philippines,Panognawan,+63 (912) 619-7001
456,jcb,Nigeria,Kari,+234 (308) 874-6208
457,mastercard,Indonesia,Krajan Kedungsalam,+62 (777) 755-0191
458,jcb,Croatia,Predavac,+385 (179) 137-9163
459,switch,Greece,Erátyra,+30 (887) 757-7728
460,diners-club-enroute,Bangladesh,Sātkhira,+880 (925) 181-6977
461,mastercard,China,Darya Boyi,+86 (892) 453-0941
462,americanexpress,Morocco,Martil,+212 (795) 463-5476
463,jcb,Senegal,Mbaké,+221 (898) 178-8426
464,mastercard,China,Jiedu,+86 (278) 430-0389
465,diners-club-carte-blanche,China,Haozhai,+86 (455) 953-6593
466,visa,Indonesia,Palamadu,+62 (610) 381-2122
467,visa-electron,Indonesia,Kalate,+62 (775) 557-4341
468,jcb,Brazil,Seropédica,+55 (737) 663-1093
469,jcb,China,Duntou,+86 (824) 448-7226
470,jcb,Philippines,Rimus,+63 (937) 896-5092
471,maestro,China,Chengdong,+86 (175) 732-1955
472,maestro,Egypt,Aswan,+20 (927) 157-5655
473,jcb,Peru,Niepos,+51 (448) 759-1080
474,bankcard,China,Shangganshan,+86 (777) 218-4768
475,jcb,Brazil,Imbituva,+55 (670) 834-7219
476,jcb,China,Gongfang,+86 (197) 766-2803
477,china-unionpay,China,Chigang,+86 (181) 725-9952
478,jcb,Indonesia,Koatas Lao,+62 (271) 989-4477
479,instapayment,Indonesia,Tanamiting,+62 (368) 834-4224
480,diners-club-carte-blanche,Sweden,Ludvika,+46 (315) 182-6933
481,jcb,Mexico,Azteca,+52 (296) 982-9320
482,americanexpress,Sweden,Vårby,+46 (413) 662-3431
483,jcb,Mexico,Emiliano Zapata,+52 (453) 744-2337
484,diners-club-carte-blanche,Luxembourg,Bech,+352 (339) 849-4883
485,jcb,China,Jingdu,+86 (633) 811-0124
486,maestro,Egypt,Manfalūţ,+20 (587) 530-4843
487,visa-electron,China,Qikeshu,+86 (454) 924-9311
488,china-unionpay,Egypt,Nuwaybi‘a,+20 (835) 953-7684
489,visa,Bolivia,Mairana,+591 (272) 341-3048
490,jcb,Slovenia,Lokavec,+386 (905) 313-1560
491,americanexpress,China,Yuantan,+86 (884) 292-1263
492,mastercard,Indonesia,Jangkat,+62 (928) 556-7758
493,jcb,Belarus,Byerazino,+375 (661) 760-2527
494,jcb,Japan,Kushiro,+81 (580) 444-5176
495,jcb,Indonesia,Sawahan,+62 (403) 956-8271
496,jcb,China,Ganchazi,+86 (638) 266-4386
497,china-unionpay,Morocco,Arbaoua,+212 (130) 119-3433
498,jcb,Bulgaria,Pliska,+359 (651) 209-6823
499,diners-club-carte-blanche,Sweden,Norrköping,+46 (347) 763-3548
500,bankcard,Indonesia,Warmare,+62 (704) 936-1019
501,bankcard,Bolivia,Aiquile,+591 (383) 369-2003
502,bankcard,Costa Rica,San Juan de Dios,+506 (678) 254-6558
503,jcb,Ukraine,Bashtanka,+380 (525) 278-1062
504,jcb,Norway,Tromsø,+47 (501) 553-3779
505,maestro,Iran,Isfahan,+98 (825) 538-7244
506,diners-club-carte-blanche,Azerbaijan,Birinci Aşıqlı,+994 (271) 609-4219
507,mastercard,Philippines,Atimonan,+63 (441) 857-0257
508,bankcard,Philippines,Nugas,+63 (890) 293-0700
509,diners-club-carte-blanche,Cambodia,Sisŏphŏn,+855 (648) 616-2176
510,jcb,Kazakhstan,Sorang,+7 (535) 362-6980
511,jcb,Ethiopia,Konso,+251 (217) 197-0315
512,diners-club-enroute,Poland,Belsk Duży,+48 (689) 793-4279
513,china-unionpay,Latvia,Rucava,+371 (665) 460-4945
514,bankcard,Yemen,Saḩab,+967 (162) 482-1362
515,mastercard,China,Daciyao,+86 (440) 687-4785
516,mastercard,Russia,Kurortnyy,+7 (476) 316-0644
517,diners-club-carte-blanche,Sweden,Halmstad,+46 (761) 284-8694
518,switch,China,Huanglong,+86 (999) 179-1634
519,jcb,Burkina Faso,Ouahigouya,+226 (550) 558-8433
520,jcb,Palestinian Territory,Rammūn,+970 (865) 249-7458
521,jcb,Czech Republic,Dolní Cerekev,+420 (601) 530-6758
522,jcb,Portugal,Idanha-a-Nova,+351 (238) 914-5512
523,jcb,Malaysia,Kangar,+60 (884) 969-0698
524,diners-club-carte-blanche,Indonesia,Jatinagara Kulon,+62 (330) 105-0021
525,maestro,Paraguay,Villa Florida,+595 (475) 182-6510
526,maestro,China,Chumen,+86 (523) 417-3858
527,laser,Colombia,El Carmen,+57 (502) 125-8259
528,switch,Russia,Svetogorsk,+7 (756) 706-5260
529,jcb,Philippines,Lusacan,+63 (929) 935-4990
530,diners-club-us-ca,Guatemala,San Manuel Chaparrón,+502 (476) 637-3200
531,jcb,Russia,Gornyak,+7 (237) 681-4161
532,jcb,China,Shiling,+86 (887) 412-5034
533,diners-club-enroute,China,Shenkou,+86 (154) 784-1391
534,jcb,Colombia,Belén de Umbría,+57 (242) 954-0693
535,jcb,Greece,Lakkíon,+30 (887) 253-9390
536,switch,Russia,Murmino,+7 (176) 170-3052
537,visa,Bulgaria,Koynare,+359 (304) 722-0021
538,jcb,Ukraine,Vuhlehirs’k,+380 (773) 681-4051
539,jcb,Portugal,Santulhão,+351 (878) 579-6737
540,americanexpress,Sweden,Umeå,+46 (386) 796-1015
541,jcb,Ukraine,Krolevets’,+380 (898) 738-0684
542,americanexpress,Colombia,Belalcazar,+57 (821) 819-0682
543,jcb,Peru,Tingo María,+51 (324) 969-5090
544,jcb,China,Zoushi,+86 (728) 325-2422
545,americanexpress,China,Chagou,+86 (607) 802-8605
546,jcb,Latvia,Lubāna,+371 (864) 830-4796
547,jcb,Bulgaria,Primorsko,+359 (520) 226-9210
548,mastercard,United States,Nashville,+1 (615) 290-8838
549,americanexpress,Indonesia,Bagikkedok Lauk,+62 (515) 690-8120
550,jcb,Philippines,Silvino Lobos,+63 (777) 994-1801
551,americanexpress,Indonesia,Siso,+62 (903) 113-0789
552,visa-electron,Mali,Tessalit,+223 (835) 611-5568
553,diners-club-carte-blanche,Poland,Raszków,+48 (785) 594-0898
554,jcb,China,Baibu,+86 (685) 174-3487
555,mastercard,Indonesia,Kiraman,+62 (602) 924-7571
556,jcb,Russia,Grecheskoye,+7 (837) 218-0236
557,bankcard,Japan,Yūki,+81 (875) 823-9687
558,mastercard,China,Huomachong,+86 (895) 370-2171
559,bankcard,Russia,Tosno,+7 (999) 846-5676
560,americanexpress,France,Nancy,+33 (119) 273-3475
561,switch,Russia,Svetlyy,+7 (167) 429-3827
562,jcb,Malaysia,Kota Kinabalu,+60 (334) 190-3229
563,jcb,Russia,Salmi,+7 (440) 179-6460
564,diners-club-carte-blanche,Norway,Trondheim,+47 (606) 630-7878
565,jcb,Sweden,Färjestaden,+46 (502) 754-8753
566,jcb,Peru,Cabanaconde,+51 (189) 738-2722
567,maestro,Gambia,Kaiaf,+220 (491) 179-9434
568,mastercard,China,Tuanjie,+86 (748) 394-9292
569,switch,Indonesia,Adil Makmur,+62 (367) 712-3250
570,mastercard,Ireland,Tralee,+353 (619) 778-0431
571,jcb,Chile,Valdivia,+56 (609) 869-2135
572,diners-club-enroute,Madagascar,Mananjary,+261 (913) 348-3254
573,americanexpress,Indonesia,Hokor,+62 (385) 898-9222
574,jcb,Netherlands,Deventer,+31 (793) 997-2744
575,jcb,Russia,Vanino,+7 (734) 727-1850
576,bankcard,Indonesia,Kamalaputi,+62 (308) 640-0843
577,jcb,Mexico,Santa Rosa,+52 (604) 383-4306
578,mastercard,China,Yangong,+86 (137) 972-8683
579,maestro,Indonesia,Putatbasiun,+62 (319) 756-2680
580,mastercard,China,Pinglin,+86 (585) 570-4742
581,jcb,China,Danan,+86 (875) 953-5597
582,china-unionpay,Comoros,Limbi,+269 (251) 699-7695
583,switch,Brazil,Paracatu,+55 (440) 112-2695
584,jcb,Somalia,Waajid,+252 (182) 828-7156
585,visa,Palestinian Territory,Turmus‘ayyā,+970 (801) 818-2654
586,maestro,Montenegro,Lipci,+382 (601) 326-9532
587,jcb,Indonesia,Pule,+62 (762) 420-1318
588,jcb,Serbia,Draginje,+381 (644) 139-9548
589,diners-club-carte-blanche,Poland,Krynki,+48 (760) 171-2002
590,jcb,Indonesia,Lancang,+62 (993) 775-5046
591,solo,Cape Verde,Praia,+238 (161) 745-2930
592,americanexpress,Mexico,Buenavista,+52 (818) 796-7739
593,jcb,Thailand,Na Chueak,+66 (487) 506-0715
594,jcb,New Zealand,Methven,+64 (815) 875-4223
595,mastercard,Japan,Kumagaya,+81 (142) 606-3533
596,jcb,China,Binhailu,+86 (155) 117-3006
597,diners-club-carte-blanche,Ecuador,Boca Suno,+593 (660) 761-3180
598,jcb,Philippines,Alae,+63 (992) 660-9100
599,jcb,Pakistan,Khairpur Nathan Shāh,+92 (972) 414-3884
600,switch,Indonesia,Padang,+62 (829) 329-4107
601,diners-club-us-ca,China,Liantan,+86 (926) 709-8513
602,china-unionpay,Indonesia,Tangkil,+62 (972) 614-7370
603,diners-club-enroute,Poland,Karpacz,+48 (672) 195-7719
604,switch,Finland,Pyhäselkä,+358 (409) 139-7703
605,mastercard,Philippines,San Luis,+63 (929) 983-9080
606,diners-club-carte-blanche,China,Jianchang,+86 (642) 850-5755
607,jcb,Poland,Bełchatów,+48 (816) 241-3472
608,bankcard,China,Taocun,+86 (875) 451-0345
609,laser,Indonesia,Talun,+62 (528) 140-4438
610,bankcard,Indonesia,Jambean,+62 (644) 982-1399
611,instapayment,Japan,Ishikawa,+81 (484) 798-3885
612,maestro,Andorra,Canillo,+376 (687) 361-4717
613,mastercard,Indonesia,Bojen Kulon,+62 (731) 741-2527
614,diners-club-international,Czech Republic,Malšice,+420 (427) 182-6871
615,visa-electron,South Korea,Kurye,+82 (266) 693-9084
616,visa-electron,China,Batan,+86 (700) 543-6782
617,mastercard,Belarus,Buynichy,+375 (742) 421-5038
618,diners-club-enroute,South Africa,Camperdown,+27 (461) 497-4134
619,maestro,Philippines,Taclobo,+63 (687) 135-0040
620,visa-electron,Japan,Himeji,+81 (288) 446-8650
621,jcb,Philippines,Caraga,+63 (775) 974-5143
622,bankcard,Serbia,Golubac,+381 (815) 275-5114
623,jcb,Turkmenistan,Bayramaly,+993 (597) 489-2119
624,americanexpress,China,Lihu,+86 (860) 423-4025
625,solo,Moldova,Rîbniţa,+373 (985) 746-6767
626,mastercard,France,Lille,+33 (910) 752-8596
627,diners-club-us-ca,Indonesia,Balai,+62 (614) 438-4452
628,jcb,France,Cannes,+33 (203) 446-6792
629,visa,Poland,Dębowa Łąka,+48 (144) 900-3229
630,jcb,Poland,Lubochnia,+48 (176) 126-8465
631,jcb,Saudi Arabia,Julayjilah,+966 (971) 568-1515
632,switch,Estonia,Narva,+372 (696) 804-4338
633,mastercard,Niger,Dosso,+227 (410) 884-5698
634,jcb,China,Dengfeng,+86 (438) 851-2548
635,laser,Guatemala,La Reforma,+502 (559) 281-5173
636,jcb,Iran,Bīleh Savār,+98 (352) 352-0689
637,switch,Canada,East Angus,+1 (328) 859-9538
638,diners-club-carte-blanche,Iran,Borūjen,+98 (936) 717-2714
639,china-unionpay,Belarus,Aktsyabrski,+375 (841) 908-6087
640,visa,Russia,Sterlitamak,+7 (270) 687-4663
641,switch,Portugal,Almargem do Bispo,+351 (118) 388-7542
642,maestro,Russia,Solnechnyy,+7 (219) 745-8680
643,jcb,Indonesia,Cendagah,+62 (932) 796-4236
644,china-unionpay,China,Ansheng,+86 (331) 751-5008
645,diners-club-enroute,Japan,Takatsuki,+81 (673) 769-2913
646,jcb,China,Hengxizhen,+86 (115) 364-2549
647,jcb,Jamaica,Linstead,+1 (493) 339-9408
648,jcb,Sweden,Nacka,+46 (213) 677-3681
649,jcb,France,Saint-Denis,+33 (520) 842-7643
650,visa-electron,Ireland,Tullyallen,+353 (578) 740-4365
651,jcb,China,Tongle,+86 (134) 231-3433
652,mastercard,Netherlands,Delft,+31 (429) 468-6398
653,jcb,Poland,Sławatycze,+48 (188) 353-3589
654,mastercard,United States,Dallas,+1 (214) 837-4618
655,diners-club-carte-blanche,Indonesia,Ciduren,+62 (882) 783-5350
656,china-unionpay,China,Taiyu,+86 (985) 823-5038
657,visa-electron,Indonesia,Nampera,+62 (532) 894-4488
658,diners-club-carte-blanche,Indonesia,Huilelot,+62 (984) 556-9229
659,visa,China,Xinglongquan,+86 (373) 217-5221
660,visa,Croatia,Rezovac,+385 (855) 670-3710
661,visa-electron,Japan,Iwakura,+81 (886) 558-6016
662,visa,China,Zhoujiang,+86 (912) 519-9981
663,instapayment,Sweden,Vänersborg,+46 (742) 582-8784
664,mastercard,Indonesia,Tiang,+62 (441) 240-5302
665,jcb,Armenia,Argavand,+374 (906) 454-9321
666,jcb,Indonesia,Kambingan,+62 (627) 577-3738
667,maestro,Paraguay,Bella Vista,+595 (739) 866-4720
668,americanexpress,China,Jiangkou,+86 (784) 890-4838
669,diners-club-enroute,Russia,Vorontsovka,+7 (134) 113-3895
670,diners-club-carte-blanche,Peru,Maras,+51 (402) 173-8020
671,jcb,Poland,Stare Juchy,+48 (239) 190-0901
672,jcb,Jordan,Al Mazār,+962 (742) 123-4851
673,americanexpress,Thailand,Yaring,+66 (642) 208-2942
674,jcb,Indonesia,Nangerang,+62 (282) 981-0346
675,visa,United States,Saint Petersburg,+1 (727) 955-7968
676,jcb,New Caledonia,Ouégoa,+687 (588) 908-4398
677,jcb,Indonesia,Gilin,+62 (428) 177-7870
678,bankcard,Pakistan,Faisalābād,+92 (777) 697-1890
679,diners-club-enroute,China,Juxing,+86 (161) 326-5319
680,bankcard,Cameroon,Tonga,+237 (170) 797-6287
681,mastercard,Libya,Az Zintān,+218 (519) 822-0821
682,jcb,China,Jiling,+86 (257) 572-1838
683,maestro,U.S. Virgin Islands,Saint Croix,+1 (216) 635-9662
684,bankcard,Argentina,Caleta Olivia,+54 (598) 321-1822
685,switch,Venezuela,Aroa,+58 (734) 606-6189
686,jcb,Philippines,Kalibo (poblacion),+63 (430) 145-2909
687,maestro,Honduras,San Jerónimo,+504 (737) 588-8525
688,bankcard,China,Zhaotong,+86 (783) 843-7618
689,visa,United States,Seattle,+1 (206) 122-7808
690,jcb,Palestinian Territory,Majdal Banī Fāḑil,+970 (789) 320-7789
691,jcb,Russia,Rossosh’,+7 (583) 420-8999
692,jcb,Bulgaria,Panagyurishte,+359 (773) 629-6012
693,mastercard,China,Nanmen,+86 (230) 386-0736
694,americanexpress,Indonesia,Kampunglistrik,+62 (572) 815-7671
695,jcb,Guatemala,San Pedro Jocopilas,+502 (298) 791-2630
696,jcb,Russia,Yessentuki,+7 (354) 529-5081
697,diners-club-international,Philippines,"Brgy. Nalook, kalibo",+63 (490) 281-7316
698,mastercard,Sweden,Bagarmossen,+46 (315) 409-1702
699,jcb,Philippines,Magbay,+63 (480) 873-0545
700,jcb,Portugal,Montes Velhos,+351 (262) 951-5415
701,mastercard,Canada,Beaverlodge,+1 (308) 608-8985
702,instapayment,Indonesia,Pasar Kidul,+62 (911) 956-7494
703,jcb,Russia,Divnoye,+7 (926) 560-3544
704,jcb,China,Guji,+86 (865) 251-1632
705,instapayment,Indonesia,Cikadu,+62 (372) 307-9525
706,jcb,Indonesia,Citangtu Kaler,+62 (591) 186-5077
707,jcb,Mongolia,Tsenher,+976 (351) 997-7428
708,diners-club-enroute,China,Choujiang,+86 (419) 681-0344
709,americanexpress,Portugal,Pontinha,+351 (408) 362-0263
710,jcb,Indonesia,Cigaleuh Kulon,+62 (994) 353-3666
711,mastercard,Syria,‘Ayn Ḩalāqīm,+963 (188) 562-5626
712,jcb,Brazil,Bragança,+55 (632) 151-8213
713,jcb,Saint Kitts and Nevis,Monkey Hill,+1 (313) 772-9277
714,visa,Russia,Gornyy,+7 (484) 678-8966
715,china-unionpay,Philippines,Prosperidad,+63 (811) 740-3628
716,jcb,Russia,Tëploye,+7 (961) 191-5289
717,instapayment,Yemen,‘Abs,+967 (830) 274-8011
718,jcb,South Korea,Anseong,+82 (274) 103-6017
719,visa-electron,Indonesia,Suruhan,+62 (712) 597-6456
720,maestro,Brazil,Governador Valadares,+55 (703) 751-6175
721,jcb,Philippines,San Guillermo,+63 (339) 908-7589
722,jcb,Guatemala,La Unión,+502 (632) 958-1475
723,instapayment,Denmark,København,+45 (517) 720-6919
724,bankcard,Portugal,Agodim,+351 (621) 641-1321
725,visa-electron,New Caledonia,Hienghène,+687 (905) 668-6669
726,visa-electron,Peru,Chicama,+51 (490) 606-4578
727,diners-club-enroute,South Korea,Chuncheon,+82 (925) 425-1135
728,jcb,Sweden,Öjebyn,+46 (944) 396-5794
729,jcb,Poland,Sieroszewice,+48 (597) 433-5306
730,switch,Indonesia,Rikitgaib,+62 (907) 354-7655
731,diners-club-carte-blanche,Philippines,Tubli,+63 (402) 747-7856
732,jcb,Indonesia,Baroh,+62 (308) 771-1399
733,china-unionpay,Portugal,Fundão,+351 (382) 518-2563
734,jcb,Kazakhstan,Stepnogorsk,+7 (147) 655-4256
735,jcb,Portugal,Sé,+351 (171) 309-3673
736,diners-club-enroute,Russia,Pochep,+7 (556) 472-8881
737,jcb,China,Xundian,+86 (240) 955-5441
738,china-unionpay,Cuba,Jesús Menéndez,+53 (618) 938-3789
739,china-unionpay,Japan,Takahama,+81 (540) 342-2360
740,mastercard,Afghanistan,Rū-ye Sang,+93 (499) 649-1975
741,jcb,China,Donggaocun,+86 (717) 328-4487
742,visa,Yemen,Ash Shawātī,+967 (256) 831-2617
743,bankcard,Ghana,Dome,+233 (305) 500-2789
744,jcb,Nigeria,Yandev,+234 (759) 678-4339
745,maestro,Sweden,Stockholm,+46 (921) 167-5133
746,americanexpress,Portugal,Quintãs,+351 (804) 946-5037
747,visa-electron,China,Tekes,+86 (633) 832-0658
748,jcb,China,Gengcheng,+86 (518) 404-9194
749,laser,China,Mugan,+86 (865) 562-9114
750,jcb,Philippines,Biga,+63 (890) 153-1729
751,americanexpress,Namibia,Keetmanshoop,+264 (407) 285-7874
752,china-unionpay,China,Siquanpu,+86 (608) 723-9001
753,switch,Philippines,Santa Rita,+63 (418) 880-6143
754,jcb,Indonesia,Ebak,+62 (592) 390-9097
755,maestro,Brazil,Águas de Lindóia,+55 (825) 352-2825
756,jcb,Canada,Leduc,+1 (592) 512-6548
757,visa-electron,Ukraine,Feodosiya,+380 (290) 203-1581
758,switch,Yemen,Markaz al Marīr,+967 (284) 695-1134
759,jcb,Indonesia,Secang Barat,+62 (287) 540-6985
760,jcb,China,Hualingang,+86 (539) 279-6371
761,mastercard,China,Yacheng,+86 (269) 466-8792
762,jcb,Pakistan,Choa Saidān Shāh,+92 (417) 708-0352
763,maestro,China,Xingang,+86 (423) 949-0295
764,jcb,Tanzania,Mtimbira,+255 (846) 973-4699
765,switch,Portugal,Rio de Moinhos,+351 (825) 403-4075
766,diners-club-carte-blanche,Slovenia,Celje,+386 (425) 550-7907
767,jcb,Philippines,Can-asujan,+63 (483) 714-9283
768,maestro,Japan,Ichinomiya,+81 (982) 492-9316
769,jcb,Portugal,Parreira,+351 (311) 101-3997
770,laser,Luxembourg,Clervaux,+352 (887) 906-0523
771,jcb,Indonesia,Kalibuntu,+62 (763) 436-6149
772,mastercard,Indonesia,Rambatan,+62 (463) 173-6470
773,china-unionpay,Argentina,Fernández,+54 (767) 487-1016
774,diners-club-carte-blanche,Afghanistan,Lashkar Gāh,+93 (704) 745-6767
775,bankcard,Trinidad and Tobago,Petit Valley,+1 (768) 548-3013
776,mastercard,China,Qijiaxi,+86 (487) 587-7287
777,visa-electron,Indonesia,Cikananga,+62 (554) 603-6853
778,maestro,Russia,Itatskiy,+7 (174) 999-4081
779,jcb,Poland,Wrząsowice,+48 (725) 647-0440
780,jcb,Peru,Colcabamba,+51 (987) 646-7895
781,jcb,Peru,Checacupe,+51 (646) 119-4477
782,diners-club-enroute,Brazil,Promissão,+55 (863) 294-5312
783,jcb,Portugal,Póvoa,+351 (683) 268-9451
784,jcb,Brazil,Planaltina,+55 (329) 661-9145
785,diners-club-carte-blanche,China,Xikou,+86 (709) 242-1909
786,diners-club-carte-blanche,China,Huancheng,+86 (570) 250-5577
787,visa-electron,Guatemala,Mazatenango,+502 (977) 381-3903
788,jcb,Sweden,Stockholm,+46 (707) 810-6083
789,jcb,Syria,Az Zabadānī,+963 (116) 618-4904
790,jcb,Indonesia,Dadapan,+62 (118) 633-9274
791,jcb,United States,Pittsburgh,+1 (412) 206-2001
792,visa-electron,Russia,Kenzhe,+7 (431) 687-9542
793,jcb,Indonesia,Garahan,+62 (399) 851-4532
794,visa,France,Niort,+33 (756) 924-6717
795,laser,Brazil,Tietê,+55 (181) 441-6150
796,maestro,China,Chengtou,+86 (162) 206-1890
797,bankcard,United States,Albany,+1 (518) 456-3873
798,jcb,Indonesia,Kadusimbar,+62 (493) 365-9744
799,jcb,North Korea,Hŭngnam,+850 (933) 281-8952
800,jcb,Poland,Wąsosz,+48 (297) 112-8651
801,laser,Russia,Beregovoy,+7 (731) 691-5701
802,jcb,Mexico,San Antonio,+52 (450) 421-9197
803,china-unionpay,Yemen,Al Misrākh,+967 (739) 356-6185
804,jcb,Greece,Mesopotamía,+30 (961) 868-2180
805,jcb,Pakistan,Mātli,+92 (929) 920-9202
806,jcb,Russia,Pereleshino,+7 (338) 874-5384
807,jcb,Sweden,Sundsvall,+46 (930) 505-5022
808,visa,United States,Los Angeles,+1 (323) 231-8761
809,mastercard,Indonesia,Muruni,+62 (635) 226-5772
810,bankcard,Brazil,São Francisco do Sul,+55 (271) 451-1436
811,jcb,Japan,Nanae,+81 (535) 999-2963
812,visa,Indonesia,Pesucen,+62 (143) 741-7173
813,visa,Bolivia,Rosario del Ingre,+591 (399) 170-2743
814,china-unionpay,Uzbekistan,Kogon,+998 (739) 392-2030
815,bankcard,South Africa,Standerton,+27 (477) 732-9696
816,visa-electron,France,Clermont-Ferrand,+33 (460) 721-8154
817,jcb,Japan,Watari,+81 (694) 411-9124
818,instapayment,Papua New Guinea,Kavieng,+675 (260) 338-1299
819,jcb,Madagascar,Fenoarivo Be,+261 (191) 932-2760
820,jcb,China,Changshou,+86 (975) 864-6097
821,diners-club-enroute,Philippines,Danao,+63 (672) 812-3477
822,americanexpress,China,Xiekou,+86 (691) 816-1771
823,diners-club-carte-blanche,Philippines,Apalit,+63 (774) 400-1986
824,instapayment,Guatemala,Santa Lucía Cotzumalguapa,+502 (795) 959-4448
825,americanexpress,Indonesia,Pakel,+62 (399) 121-8217
826,diners-club-us-ca,Uruguay,Florida,+598 (340) 355-3013
827,jcb,Russia,Vostryakovo,+7 (648) 426-0998
828,bankcard,China,Chengbei,+86 (452) 966-3863
829,diners-club-enroute,Brazil,Presidente Epitácio,+55 (193) 745-4238
830,americanexpress,Poland,Wyszków,+48 (122) 505-5729
831,maestro,United States,Fresno,+1 (559) 688-9037
832,jcb,Angola,Luanda,+244 (488) 652-7636
833,jcb,Ecuador,Manta,+593 (941) 899-6426
834,jcb,El Salvador,Santiago de María,+503 (639) 178-2458
835,jcb,Paraguay,Itauguá,+595 (392) 834-1755
836,americanexpress,Ireland,Greystones,+353 (338) 781-0296
837,jcb,Norway,Moss,+47 (592) 462-9618
838,diners-club-carte-blanche,Indonesia,Ngrejo,+62 (876) 608-6930
839,instapayment,China,Zhuxi,+86 (437) 567-8598
840,visa-electron,Serbia,Aranđelovac,+381 (953) 635-3569
841,mastercard,Indonesia,Kadubadak,+62 (197) 618-0873
842,solo,Maldives,Meedhoo,+960 (906) 790-7497
843,jcb,Poland,Maniowy,+48 (458) 724-6650
844,jcb,China,Hongyanxi,+86 (951) 513-1431
845,jcb,Sweden,Vårby,+46 (414) 834-8813
846,laser,France,Melun,+33 (130) 398-4642
847,jcb,China,Sihai,+86 (275) 755-9666
848,diners-club-international,Mexico,San Isidro,+52 (634) 357-5011
849,switch,Finland,Sulkava,+358 (244) 209-6752
850,jcb,Zambia,Mpika,+260 (534) 685-9437
851,diners-club-enroute,Indonesia,Dukuhpicung,+62 (321) 553-1499
852,jcb,Russia,Rostov,+7 (493) 859-9109
853,visa,China,Sangmu,+86 (561) 629-0143
854,china-unionpay,Japan,Morioka-shi,+81 (606) 171-4454
855,diners-club-enroute,Indonesia,Kebonbencoy,+62 (876) 892-9116
856,jcb,Sweden,Linköping,+46 (148) 592-6145
857,jcb,China,Huzhen,+86 (782) 124-1931
858,maestro,Morocco,Tissa,+212 (851) 435-5404
859,maestro,Myanmar,Myaydo,+95 (951) 156-2061
860,china-unionpay,Indonesia,Cilampuyang,+62 (961) 822-3219
861,mastercard,Sweden,Järfälla,+46 (699) 924-1800
862,jcb,China,Chengguan,+86 (715) 422-5188
863,mastercard,China,Jincheng,+86 (413) 181-0781
864,jcb,Thailand,Taphan Hin,+66 (371) 794-9689
865,switch,China,Shuiying,+86 (813) 452-1117
866,solo,Poland,Łysomice,+48 (181) 243-9921
867,mastercard,United States,New Orleans,+1 (504) 899-0283
868,visa-electron,Bulgaria,Yambol,+359 (614) 238-6517
869,mastercard,Mexico,Altavista,+52 (871) 164-7919
870,diners-club-enroute,South Sudan,Yambio,+249 (814) 737-8389
871,jcb,Uzbekistan,Shahrisabz Shahri,+998 (831) 792-8604
872,jcb,Brazil,Laranjal Paulista,+55 (442) 449-0853
873,jcb,United States,Zephyrhills,+1 (813) 953-8109
874,mastercard,Russia,Pervomayskoye,+7 (370) 359-0067
875,switch,Czech Republic,Jevíčko,+420 (512) 100-8671
876,maestro,Thailand,Nikhom Phattana,+66 (995) 813-9143
877,mastercard,Morocco,Zerkten,+212 (124) 628-2939
878,solo,China,Huanggang,+86 (512) 581-3689
879,jcb,Mexico,Magisterial,+52 (700) 712-8915
880,jcb,United States,Durham,+1 (919) 779-6666
881,visa,Pakistan,Ādilpur,+92 (204) 651-0681
882,switch,Indonesia,Antrukan,+62 (373) 610-1532
883,americanexpress,Portugal,Pereira,+351 (560) 878-0709
884,jcb,China,Huizhai,+86 (663) 769-5881
885,maestro,Philippines,San Celestio,+63 (467) 317-4823
886,jcb,Italy,Napoli,+39 (251) 409-1875
887,bankcard,Brazil,Porciúncula,+55 (115) 387-1520
888,americanexpress,Tunisia,Jendouba,+216 (714) 882-7074
889,instapayment,Indonesia,Guyangan,+62 (692) 995-8017
890,jcb,Tanzania,Liuli,+255 (188) 224-6525
891,jcb,China,Hexi,+86 (391) 448-5342
892,americanexpress,Colombia,Granada,+57 (812) 332-1431
893,jcb,Tajikistan,Chkalov,+992 (819) 505-6977
894,mastercard,Sweden,Mora,+46 (640) 803-6637
895,jcb,Jamaica,Spanish Town,+1 (360) 228-9161
896,diners-club-enroute,Afghanistan,Lashkar Gāh,+93 (811) 670-9339
897,mastercard,Indonesia,Mafa,+62 (569) 490-8294
898,diners-club-enroute,Russia,Neryungri,+7 (933) 254-7197
899,jcb,Syria,Al Buţayḩah,+963 (898) 809-0391
900,jcb,China,Ma’ao,+86 (862) 197-3140
901,visa-electron,China,Fengmen,+86 (446) 405-4637
902,jcb,China,Guandiping,+86 (299) 708-8553
903,mastercard,Peru,Congas,+51 (159) 901-3407
904,americanexpress,Sweden,Sala,+46 (127) 276-7294
905,switch,Brazil,Castro,+55 (484) 850-7804
906,jcb,Morocco,Sidi Bousber,+212 (226) 346-6313
907,jcb,China,Nancha,+86 (873) 610-9532
908,jcb,Russia,Kamensk-Shakhtinskiy,+7 (259) 303-0744
909,mastercard,Japan,Urayasu,+81 (531) 767-8924
910,jcb,China,Hetian,+86 (418) 786-7958
911,jcb,China,Shihuang,+86 (805) 865-7348
912,jcb,Poland,Babice,+48 (131) 226-8906
913,diners-club-carte-blanche,Poland,Bielawa,+48 (748) 701-7294
914,mastercard,Palestinian Territory,Bayt Maqdūm,+970 (207) 584-4324
915,china-unionpay,Nigeria,Mahuta,+234 (296) 267-9330
916,bankcard,Botswana,Kanye,+267 (992) 122-5927
917,jcb,Japan,Tendō,+81 (219) 595-5796
918,mastercard,Brazil,Itaguaçu,+55 (398) 639-3384
919,instapayment,Brazil,Petrópolis,+55 (561) 164-8521
920,jcb,Chile,Illapel,+56 (128) 943-6454
921,visa-electron,Argentina,Mainque,+54 (992) 778-1735
922,jcb,Liechtenstein,Planken,+423 (673) 838-5218
923,jcb,Indonesia,Manna,+62 (760) 968-8771
924,mastercard,China,Dagu,+86 (898) 867-2751
925,jcb,Bulgaria,Slavyanovo,+359 (647) 770-7301
926,maestro,Canada,Parrsboro,+1 (950) 397-3751
927,jcb,China,Dalong,+86 (170) 182-7474
928,jcb,Brazil,Carauari,+55 (531) 453-4726
929,diners-club-carte-blanche,Indonesia,Sudo,+62 (933) 422-5009
930,jcb,China,Daogao,+86 (730) 501-9805
931,jcb,South Africa,Pofadder,+27 (203) 597-6819
932,jcb,Greece,Lagyná,+30 (419) 927-7803
933,jcb,Poland,Lachowice,+48 (500) 650-8200
934,mastercard,Kenya,Keruguya,+254 (994) 914-2864
935,diners-club-carte-blanche,United States,Stockton,+1 (209) 261-3415
936,maestro,Poland,Mosty,+48 (887) 984-8477
937,jcb,South Korea,Anyang-si,+82 (278) 506-3357
938,jcb,Indonesia,Kawahmanuk,+62 (552) 308-8702
939,jcb,Canada,Powassan,+1 (170) 155-0743
940,jcb,Sweden,Hässleholm,+46 (109) 635-4189
941,maestro,China,Tanggu,+86 (998) 328-6472
942,jcb,Tanzania,Liuli,+255 (371) 667-6533
943,switch,Japan,Fukura,+81 (643) 125-3521
944,americanexpress,China,Ruoqiang,+86 (496) 568-9545
945,solo,Indonesia,Mimbaan Timur,+62 (613) 887-9723
946,maestro,Indonesia,Paringin,+62 (698) 845-0489
947,mastercard,Brazil,Pinhão,+55 (564) 214-9241
948,visa,Nepal,Banepa,+977 (334) 520-8690
949,visa-electron,Czech Republic,Hostěradice,+420 (115) 577-6119
950,jcb,Indonesia,Pancalan,+62 (132) 293-9807
951,jcb,Armenia,T’azagyugh,+374 (856) 856-6151
952,mastercard,Russia,Zavoronezhskoye,+7 (850) 197-5550
953,jcb,China,Huangjin,+86 (606) 512-2003
954,jcb,Canada,Unity,+1 (447) 826-6166
955,switch,Ivory Coast,Abidjan,+225 (627) 945-5745
956,laser,Sweden,Gislaved,+46 (321) 641-6019
957,diners-club-enroute,Botswana,Botlhapatlou,+267 (208) 495-7266
958,jcb,Ukraine,Tysmenytsya,+380 (497) 396-0934
959,laser,Indonesia,Bulakan,+62 (790) 629-8563
960,diners-club-enroute,Afghanistan,Zīrakī,+93 (246) 354-9572
961,americanexpress,Bulgaria,Suvorovo,+359 (953) 773-7901
962,jcb,China,Bamiantong,+86 (270) 494-5036
963,switch,China,Luxi,+86 (872) 978-6274
964,mastercard,Libya,Brak,+218 (500) 838-8188
965,jcb,Portugal,Castelo,+351 (863) 320-8889
966,jcb,Netherlands,Eindhoven,+31 (569) 975-9100
967,jcb,Czech Republic,Krásná Hora nad Vltavou,+420 (235) 414-7940
968,diners-club-enroute,Russia,Adygeysk,+7 (663) 666-8731
969,americanexpress,Japan,Urayasu,+81 (552) 382-0646
970,diners-club-enroute,Poland,Wapno,+48 (491) 688-7118
971,jcb,China,Huajie,+86 (279) 421-0858
972,visa,China,Jixin,+86 (966) 902-8969
973,jcb,North Korea,T’ongch’ŏn-ŭp,+850 (904) 987-4492
974,jcb,Russia,Rzhev,+7 (575) 893-0934
975,jcb,China,Yuquan,+86 (842) 823-7567
976,laser,Brazil,Santa Cruz do Sul,+55 (881) 322-6586
977,jcb,Mongolia,Hoolt,+976 (253) 848-4780
978,jcb,China,Lukou,+86 (950) 346-3144
979,switch,Philippines,San Isidro,+63 (619) 170-9670
980,jcb,Indonesia,Lojejerkrajan,+62 (987) 372-6675
981,americanexpress,Poland,Długosiodło,+48 (324) 625-9367
982,jcb,China,Fengmu,+86 (586) 759-0732
983,diners-club-enroute,Japan,Hamanoichi,+81 (257) 444-5058
984,maestro,Peru,San Juan,+51 (897) 153-8139
985,maestro,Republic of the Congo,Madingou,+242 (499) 931-9285
986,americanexpress,Tanzania,Kabanga,+255 (692) 163-5116
987,jcb,Indonesia,Bantiran,+62 (243) 398-8001
988,bankcard,Mexico,Lazaro Cardenas,+52 (761) 656-9612
989,china-unionpay,China,Songmuping,+86 (192) 913-3236
990,jcb,China,Jiaoziya,+86 (827) 256-0589
991,jcb,Kazakhstan,Myrzakent,+7 (605) 208-6561
992,solo,Brazil,Araçatuba,+55 (860) 221-1487
993,diners-club-enroute,Russia,Nizhniy Ufaley,+7 (896) 842-1580
994,jcb,Indonesia,Warung Wetan,+62 (820) 127-2681
995,visa,United States,Terre Haute,+1 (812) 193-4513
996,jcb,Indonesia,Cibeureum,+62 (915) 572-4834
997,mastercard,Portugal,Bolembre,+351 (608) 405-8956
998,mastercard,Mexico,Tierra y Libertad,+52 (521) 619-7337
999,jcb,Philippines,Buliran,+63 (250) 663-1689
1000,jcb,Mongolia,Tögrög,+976 (931) 549-9600
